

{
  "exam": [
    {
      "title": "헌님 군무원 접수일자",
      "date": "2019-06-07"
    },

    {
      "title": "테스트 시험1",
      "date": "2019-11-27"
    },

    {
      "title": "테스트 시험2",
      "date": "2019-12-31"
    }
  ],

  "format": {
    "dday": "D-day 28 (D-%d)",
    "date": "2019-02-19 (YYYY-MM-DD)"
  },

  "style": {
    "title": {
      "font-family": "arial",
      "font-size": "10px",
      "color": "#2c3e50",
      "background-color": "#ffffff"
    },

    "dday": {
      "font-family": "arial",
      "font-size": "10px",
      "color": "#2c3e50",
      "background-color": "#ffffff"
    },

    "date": {
      "font-family": "arial",
      "font-size": "10px",
      "color": "#2c3e50",
      "background-color": "#ffffff"
    }
  },

  "animation": {
    "type": "slide",
    "speed": "4",
    "interval": "1.5"
  }
}